,City Name,Latitude,Longitude,Temperature,Humidity,Cloudiness,Wind Speed,City ID,DateTime,Country
0,sao gotardo,-19,-46,66.52,48.0,0.0,9.82,3446406,1627132728,BR
1,midland,32,-102,74.97,64.0,1.0,5.99,5526337,1627132728,US
2,medvezhyegorsk,63,34,60.37,46.0,100.0,8.1,527888,1627132728,RU
5,vastervik,58,17,67.35,65.0,10.0,12.75,2713974,1627132729,SE
6,kushiro,42,145,65.91,93.0,43.0,7.96,2130677,1627132729,JP
7,russas,-5,-38,87.44,36.0,10.0,11.86,3390160,1627132729,BR
8,villa maria,-32,-63,53.98,69.0,8.0,10.42,3840470,1627132730,AR
10,ingraj bazar,25,88,83.39,81.0,16.0,6.2,1269723,1627132730,IN
11,bayan,28,49,96.33,54.0,4.0,9.75,108142,1627132730,SA
12,malibu,34,-119,63.0,91.0,90.0,0.0,5369906,1627132692,US
13,hohhot,41,111,69.98,55.0,100.0,4.92,2035416,1627132731,CN
14,petrovskoye,57,39,63.28,48.0,100.0,5.41,509850,1627132731,RU
15,kalas,18,75,79.14,75.0,100.0,15.66,1268460,1627132731,IN
16,partyzany,46,35,77.25,46.0,0.0,4.94,708877,1627132732,UA
17,puerto cabezas,14,-82,81.75,83.0,100.0,18.72,3674272,1627132732,CO
18,saryshagan,46,73,93.34,19.0,0.0,14.43,1519563,1627132732,KZ
19,tieli,47,128,75.94,73.0,100.0,8.77,2034440,1627132732,CN
20,saint-medard-en-jalles,45,-1,75.85,57.0,16.0,13.09,3010626,1627132733,FR
21,gouyave,12,-62,84.25,82.0,100.0,13.96,3580449,1627132733,GD
22,suba,10,121,83.01,79.0,100.0,19.17,1721082,1627132733,PH
23,galdar,28,-16,82.71,88.0,11.0,31.79,6360190,1627132733,ES
24,cairns,-16,146,75.81,75.0,100.0,4.32,2207364,1627132734,AU
25,sidrolandia,-21,-55,80.01,31.0,0.0,11.23,3457415,1627132734,BR
26,bhasawar,27,77,96.03,51.0,100.0,2.39,1276092,1627132734,IN
27,bocaranga,7,16,76.24,84.0,99.0,1.79,2383650,1627132735,CF
29,vichuga,57,42,66.85,36.0,100.0,8.28,533555,1627132735,RU
30,nzerekore,8,-9,75.72,77.0,100.0,5.06,2416968,1627132735,GN
31,macau,-4,-36,77.79,79.0,56.0,23.44,3399179,1627132736,BR
32,kemijarvi,67,27,60.44,53.0,91.0,9.55,640440,1627132736,FI
33,homer,60,-154,44.4,99.0,100.0,3.53,5869635,1627132736,US
34,lazurne,45,32,74.37,57.0,0.0,13.42,461727,1627132736,UA
35,shubarshi,47,57,91.78,28.0,7.0,15.19,608281,1627132737,KZ
36,hikari,34,132,80.49,93.0,100.0,1.3,1896348,1627132737,JP
37,boysun,38,67,102.49,10.0,0.0,6.46,1217734,1627132737,UZ
38,klyuchi,57,161,59.43,84.0,100.0,3.2,2124440,1627132737,RU
39,kilkis,41,23,78.96,39.0,66.0,6.4,8133969,1627132738,GR
41,ust-kan,51,85,61.09,91.0,98.0,4.5,1488190,1627132738,RU
42,moyale,3,40,83.21,33.0,98.0,28.23,200017,1627132738,KE
43,matadi,-6,14,92.19,28.0,0.0,4.21,2239520,1627132739,AO
44,skagen,58,11,80.42,64.0,0.0,11.01,2668516,1627132739,SE
45,lake havasu city,34,-114,80.62,56.0,100.0,11.43,5289863,1627132739,US
46,aketi,3,24,82.29,64.0,100.0,1.68,220448,1627132739,CD
47,port townsend,48,-123,52.34,95.0,20.0,1.01,5809983,1627132740,US
48,akyab,19,93,83.91,83.0,60.0,16.51,1307641,1627132740,MM
49,sakakah,31,42,110.01,11.0,0.0,7.74,108512,1627132740,SA
50,key west,25,-83,83.37,73.0,76.0,7.0,4160812,1627132740,US
51,chukhloma,59,43,62.19,33.0,100.0,7.92,534468,1627132741,RU
52,kerikeri,-35,174,51.57,74.0,4.0,16.06,2189343,1627132741,NZ
54,wuan,37,114,74.93,85.0,3.0,4.85,1788927,1627132742,CN
55,rio branco,-10,-68,76.91,73.0,0.0,1.14,3731287,1627132742,BR
56,florianopolis,-28,-48,65.01,88.0,0.0,25.64,3455223,1627132742,BR
57,mildura,-33,144,48.34,80.0,77.0,21.7,2156785,1627132743,AU
59,safwah,27,49,109.08,12.0,0.0,16.58,392343,1627132743,SA
60,annau,38,59,108.64,8.0,0.0,11.5,162199,1627132745,TM
62,fairlie,-44,170,24.24,81.0,11.0,12.06,6209526,1627132745,NZ
63,jizan,17,42,95.05,78.0,46.0,8.63,106744,1627132746,SA
65,channel-port aux basques,48,-60,56.55,85.0,100.0,19.69,5924787,1627132746,CA
66,daia,44,26,85.8,31.0,99.0,8.28,679822,1627132746,RO
67,xunchang,28,105,75.99,90.0,100.0,2.68,1784790,1627132747,CN
70,kraskino,43,131,68.67,97.0,45.0,1.61,2038054,1627132748,CN
71,novo aripuana,-5,-61,84.58,61.0,79.0,2.62,3663142,1627132748,BR
72,novoilinsk,52,109,62.47,63.0,0.0,2.93,2017203,1627132748,RU
73,ibra,22,58,105.17,23.0,7.0,4.14,289415,1627132748,OM
74,fuyang,30,120,79.48,97.0,100.0,9.75,1813144,1627132749,CN
76,stolac,43,18,91.96,18.0,1.0,12.48,3196364,1627132749,BA
77,kondratovo,58,56,61.14,88.0,40.0,2.24,829032,1627132750,RU
78,birao,11,24,94.19,37.0,100.0,11.92,365618,1627132750,SD
79,winslow,36,-111,69.87,60.0,100.0,3.98,5305191,1627132750,US
80,baraki barak,34,69,89.8,12.0,94.0,5.95,1130497,1627132750,AF
82,varangaon,21,76,85.48,64.0,100.0,16.55,1253403,1627132751,IN
83,valdobbiadene,46,12,78.33,71.0,100.0,3.65,3174885,1627132751,IT
84,makushino,55,67,77.27,53.0,100.0,4.47,1543539,1627132751,RU
85,gaogou,34,119,76.35,92.0,100.0,7.78,1801590,1627132752,CN
86,rzhyshchiv,50,31,78.21,43.0,71.0,7.11,694992,1627132752,UA
88,loveland,39,-84,71.29,85.0,2.0,3.0,4528414,1627132752,US
89,la union,-40,-73,34.75,93.0,100.0,0.54,3877744,1627132753,CL
91,mergui,13,98,81.03,81.0,100.0,22.46,1309611,1627132753,MM
92,fryazino,56,38,68.76,43.0,100.0,5.86,545683,1627132753,RU
93,canutama,-7,-64,80.1,73.0,74.0,0.43,3664716,1627132753,BR
94,camargo,28,-104,76.12,52.0,16.0,3.89,4013724,1627132754,MX
95,oskarshamn,57,17,75.15,60.0,0.0,8.48,2703684,1627132754,SE
96,massa marittima,43,11,84.29,29.0,95.0,10.36,3169940,1627132754,IT
99,catamarca,-29,-66,61.56,32.0,0.0,5.23,3862771,1627132755,AR
100,sao borja,-29,-56,68.52,60.0,0.0,12.57,3449340,1627132755,BR
101,shaoyang,27,111,75.76,84.0,13.0,4.76,1928932,1627132756,CN
102,farafangana,-23,49,72.03,65.0,100.0,26.46,1065158,1627132756,MG
103,cockburn harbour,22,-73,82.47,80.0,8.0,16.93,3577004,1627132756,TC
104,rio brilhante,-22,-54,75.18,32.0,0.0,11.36,3451241,1627132757,BR
105,lanzhou,36,104,86.65,54.0,0.0,11.79,1804430,1627132757,CN
106,fasa,29,53,75.49,66.0,100.0,10.78,134766,1627132757,IR
107,sosnovo-ozerskoye,52,111,58.82,73.0,65.0,2.84,2019740,1627132757,RU
108,ginda,17,39,92.3,63.0,100.0,12.71,448502,1627132757,ER
111,banatski karlovac,45,21,84.6,26.0,3.0,6.64,792945,1627132758,RS
112,along,31,95,51.24,79.0,100.0,4.88,1281323,1627132759,CN
113,tabiauea,1,173,82.49,76.0,17.0,15.82,2110257,1627132759,KI
114,ca mau,8,105,83.91,79.0,100.0,15.86,1905678,1627132759,VN
115,san pedro de ycuamandiyu,-24,-57,77.43,32.0,0.0,8.63,3437021,1627132759,PY
116,comodoro rivadavia,-47,-69,37.24,58.0,100.0,4.41,3848353,1627132760,AR
117,khani,59,120,58.91,98.0,100.0,3.11,2023866,1627132760,RU
118,castro daire,41,-8,60.39,44.0,96.0,8.37,2736790,1627132760,PT
119,blagoveshchensk,55,56,75.72,33.0,8.0,6.87,576116,1627132760,RU
120,baghdad,32,44,113.59,11.0,0.0,9.64,98860,1627132761,IQ
121,mumbwa,-15,27,72.66,34.0,92.0,11.9,904422,1627132761,ZM
122,luocheng,29,104,73.96,94.0,0.0,0.87,1800268,1627132761,CN
123,hovorany,49,17,85.03,44.0,21.0,10.6,3066399,1627132761,CZ
124,clinton,42,-90,76.23,92.0,100.0,8.75,4887137,1627132762,US
127,roches noires,-20,58,74.52,69.0,12.0,14.61,1106642,1627132762,MU
128,conceicao da barra,-19,-39,74.01,59.0,100.0,14.61,3465769,1627132763,BR
130,jagtial,19,79,80.58,82.0,100.0,8.32,1269562,1627132763,IN
131,lamu,-3,42,77.43,78.0,6.0,25.28,189741,1627132764,KE
132,quesnel,53,-122,48.9,76.0,80.0,1.43,5928572,1627132764,CA
133,garowe,7,48,87.15,36.0,100.0,26.69,53707,1627132764,SO
134,solwezi,-12,26,78.15,27.0,96.0,10.6,897045,1627132764,ZM
135,changji,45,87,98.69,13.0,0.0,9.69,1529511,1627132765,CN
137,chara,57,118,48.15,92.0,100.0,7.07,2025630,1627132765,RU
138,zachagansk,50,52,86.63,21.0,0.0,8.72,609977,1627132765,KZ
139,nioro,17,-10,100.13,18.0,12.0,6.85,6914211,1627132766,MR
140,bandar-e lengeh,26,54,96.94,70.0,40.0,4.63,126914,1627132766,IR
141,vershino-darasunskiy,53,116,56.77,86.0,100.0,4.65,2026023,1627132766,RU
142,zemio,4,26,86.09,52.0,100.0,5.46,219563,1627132766,CD
143,copaceni,45,24,77.95,40.0,74.0,0.69,680929,1627132767,RO
144,sajoszoged,48,21,86.09,30.0,68.0,5.3,715941,1627132767,HU
146,champasak,14,106,72.57,99.0,100.0,2.68,1655192,1627132767,LA
147,chumikan,54,135,57.52,81.0,22.0,4.32,2014611,1627132768,RU
149,los alamos,36,-107,58.62,96.0,100.0,3.69,5490359,1627132768,US
150,kindu,-2,26,97.7,23.0,44.0,2.46,209610,1627132768,CD
151,acatlan,18,-98,56.53,68.0,1.0,4.41,3533440,1627132769,MX
152,rundu,-17,19,78.71,13.0,0.0,9.1,3347494,1627132769,AO
154,winnemucca,41,-119,74.28,18.0,2.0,5.32,5709906,1627132769,US
155,orlovskiy,47,42,85.21,28.0,26.0,6.89,501165,1627132770,RU
156,dali,27,99,49.91,97.0,100.0,0.6,1280031,1627132770,CN
157,jorpeland,59,6,70.47,87.0,83.0,7.11,3150742,1627132644,NO
159,higuey,19,-68,84.29,81.0,11.0,14.14,3494242,1627132770,DO
160,tiruvottiyur,13,81,83.91,84.0,9.0,19.64,1267433,1627132771,IN
161,bhainsa,19,78,81.23,74.0,100.0,10.65,1276249,1627132771,IN
162,shebunino,46,142,68.13,97.0,100.0,4.03,2121324,1627132771,RU
163,fraserburgh,58,-2,64.0,87.0,10.0,14.7,2639144,1627132771,GB
164,kyshtovka,58,77,83.08,59.0,51.0,5.73,1502962,1627132772,RU
165,yanchukan,57,113,63.23,71.0,55.0,2.68,2015399,1627132772,RU
166,vikyrovice,50,17,81.25,43.0,34.0,3.8,3067026,1627132772,CZ
168,khonuu,69,143,53.24,60.0,13.0,11.39,2028164,1627132773,RU
170,esna,25,31,97.48,16.0,0.0,12.82,360923,1627132773,EG
171,mitu,1,-69,70.66,99.0,100.0,1.21,3662952,1627132773,BR
172,sabinas,28,-101,75.81,79.0,0.0,7.4,4013688,1627132774,MX
173,ahlat,39,42,90.72,12.0,0.0,18.52,304041,1627132774,TR
174,vrangel,42,133,78.69,87.0,0.0,8.68,2013258,1627132774,RU
175,griffith,-31,145,55.99,53.0,100.0,22.19,2146616,1627132774,AU
176,roma,-28,145,56.19,44.0,5.0,15.95,2167148,1627132775,AU
177,nata,-20,26,74.23,27.0,0.0,11.03,933040,1627132775,BW
178,volchansk,60,60,61.14,83.0,82.0,9.08,1486984,1627132775,RU
179,san pedro,-24,-65,69.08,31.0,0.0,0.38,3855394,1627132775,AR
180,manalurpet,12,79,91.62,44.0,100.0,9.84,1263966,1627132776,IN
181,baiao,-3,-50,84.97,47.0,12.0,4.05,3406844,1627132776,BR
183,el triunfo,-2,-80,73.29,87.0,100.0,2.26,3658053,1627132776,EC
185,whitianga,-36,176,59.07,72.0,1.0,21.41,2192093,1627132777,NZ
186,aligarh,28,78,93.85,52.0,100.0,10.16,1279017,1627132777,IN
187,kodar,17,80,85.5,68.0,100.0,13.33,1266416,1627132777,IN
188,murgab,38,61,109.47,6.0,0.0,10.8,1218239,1627132778,TM
189,kandi,11,3,84.34,57.0,84.0,9.33,2393693,1627132778,BJ
190,leh,34,79,53.26,48.0,100.0,7.16,1280116,1627132778,CN
193,tolbazy,54,56,74.12,44.0,100.0,5.82,578853,1627132779,RU
194,petukhovo,55,68,77.52,65.0,100.0,5.93,1495022,1627132779,RU
195,solhan,39,41,88.0,14.0,0.0,18.03,300377,1627132780,TR
197,dvinskoy,63,46,46.44,92.0,100.0,3.29,474470,1627132780,RU
198,cabudare,10,-69,64.98,88.0,100.0,3.78,3647637,1627132780,VE
199,wuda,39,107,89.69,34.0,100.0,18.54,1794806,1627132781,CN
200,balaka,-15,35,68.63,53.0,100.0,10.2,931865,1627132781,MW
201,newark,43,-77,69.69,80.0,100.0,8.32,5131073,1627132781,US
203,hojai,26,93,83.57,81.0,20.0,3.13,1278253,1627132624,IN
204,aksarayskiy,47,48,86.25,27.0,100.0,13.04,580491,1627132782,RU
206,whitehorse,61,-135,38.5,83.0,50.0,5.55,6955561,1627132782,CA
207,linchuan,27,116,72.28,95.0,0.0,4.34,1789963,1627132782,CN
208,devonport,-40,147,50.79,80.0,100.0,34.96,7839668,1627132783,AU
209,tete,-16,33,73.29,40.0,94.0,12.71,1043298,1627132783,MZ
210,matay,28,31,95.49,18.0,0.0,13.8,362277,1627132783,EG
211,jeremie,19,-74,83.19,72.0,100.0,11.23,3723593,1627132783,HT
212,mogzon,52,112,56.89,75.0,100.0,3.47,2019884,1627132784,RU
214,pervomayskoye,58,87,78.01,57.0,5.0,4.07,1489822,1627132784,RU
215,addi ugri,15,39,73.94,47.0,100.0,16.98,338010,1627132785,ER
216,buciumi,47,23,78.15,51.0,100.0,2.86,683559,1627132785,RO
218,funtua,11,7,76.66,75.0,100.0,9.46,2347061,1627132785,NG
219,dalneye konstantinovo,56,44,61.56,52.0,72.0,5.48,6607350,1627132786,RU
220,manali,33,78,57.06,46.0,100.0,0.65,1269320,1627132786,IN
223,copperas cove,31,-98,77.25,86.0,40.0,9.22,4702998,1627132787,US
224,kilrush,53,-10,67.17,80.0,0.0,6.82,3315458,1627132787,IE
225,inndyr,67,14,53.65,91.0,100.0,8.14,3151056,1627132787,NO
226,florian,6,-74,72.18,91.0,100.0,1.45,3679776,1627132787,CO
227,glamoc,44,17,76.51,27.0,6.0,7.38,3200651,1627132788,BA
228,washougal,46,-122,46.2,78.0,0.0,4.25,5789244,1627132788,US
229,dubbo,-32,147,52.57,63.0,57.0,23.47,2146193,1627132788,AU
230,kangaba,12,-9,84.07,65.0,77.0,5.7,2455735,1627132788,ML
231,beian,48,127,70.68,96.0,100.0,12.35,2037069,1627132789,CN
232,busayra,31,36,84.7,27.0,0.0,13.22,248816,1627132789,JO
233,maxixe,-23,34,70.25,44.0,13.0,12.44,1045110,1627132789,MZ
235,begun,25,75,84.42,68.0,100.0,11.01,1276615,1627132445,IN
236,northam,-30,119,52.36,66.0,100.0,7.02,7839613,1627132790,AU
237,irtyshskiy,59,68,65.73,73.0,43.0,2.51,1487939,1627132790,RU
238,zhuhai,21,114,84.63,85.0,100.0,15.14,1818775,1627132790,HK
240,ouesso,2,16,92.5,36.0,57.0,3.11,2255564,1627132791,CG
241,jaque,7,-79,79.23,87.0,100.0,17.4,3708432,1627132791,PA
242,baneh,36,46,90.09,11.0,0.0,13.91,141584,1627132791,IR
243,point pleasant,40,-74,76.48,62.0,0.0,1.01,4501550,1627132698,US
244,tommot,60,127,58.32,98.0,100.0,9.31,2015179,1627132791,RU
245,armidale,-31,152,46.96,64.0,5.0,15.01,7839780,1627132792,AU
246,mincivan,39,47,83.55,45.0,83.0,12.88,147504,1627132792,AZ
247,saint-marc,19,-73,83.41,68.0,100.0,1.5,3731132,1627132792,HT
248,kalengwa,-13,25,83.66,21.0,6.0,9.95,900594,1627132792,ZM
250,kaiyuan,24,103,66.11,87.0,97.0,0.63,1807012,1627132793,CN
252,tezu,32,98,51.73,78.0,100.0,7.34,1281189,1627132793,CN
253,sinkat,20,35,107.35,12.0,100.0,12.24,408646,1627132794,SD
254,conway,34,-79,77.99,76.0,0.0,3.0,4582287,1627132499,US
256,las choapas,18,-94,78.82,87.0,69.0,1.92,3524903,1627132794,MX
257,ternate,1,128,72.86,88.0,100.0,5.95,1624041,1627132794,ID
258,tooele,40,-113,73.94,43.0,10.0,4.76,5783699,1627132795,US
259,san felipe,30,-115,71.69,51.0,100.0,7.7,4017700,1627132795,MX
261,warqla,31,4,104.56,10.0,0.0,10.83,2496045,1627132795,DZ
262,la rioja,-30,-68,46.53,44.0,0.0,1.9,3848949,1627132796,AR
263,koutsouras,35,26,79.75,51.0,0.0,39.77,7668056,1627132796,GR
264,neyshabur,35,59,102.54,8.0,0.0,20.94,123256,1627132796,IR
265,bolshiye klyuchishchi,54,48,68.76,42.0,80.0,13.04,479119,1627132615,RU
266,baker city,45,-118,45.66,33.0,0.0,4.52,5758113,1627132796,US
268,catalao,-18,-48,69.13,42.0,0.0,14.88,3466696,1627132797,BR
269,young,-32,-57,65.39,60.0,50.0,5.23,3441242,1627132797,UY
270,fuxin,43,121,76.77,78.0,100.0,5.03,2037844,1627132797,CN
271,diamantino,-13,-56,80.98,35.0,3.0,10.45,3457419,1627132798,BR
272,rusape,-19,32,68.36,29.0,0.0,10.67,892156,1627132798,ZW
273,colquechaca,-19,-66,46.89,33.0,4.0,4.21,3919720,1627132798,BO
274,qitaihe,46,131,76.12,65.0,4.0,4.12,2035261,1627132798,CN
275,hattiesburg,31,-89,80.69,82.0,6.0,5.06,4451140,1627132799,US
276,barkhan,30,70,86.02,30.0,11.0,7.11,1168579,1627132799,PK
277,muravlenko,64,73,59.43,78.0,100.0,5.75,1540711,1627132799,RU
278,ewo,-1,15,96.15,27.0,49.0,3.42,2260494,1627132799,CG
279,jagdalpur,19,82,76.55,80.0,100.0,5.99,1269578,1627132800,IN
280,alexandria,31,29,79.95,71.0,0.0,21.05,361612,1627132800,EG
282,changli,39,119,79.95,81.0,34.0,9.37,1815656,1627132800,CN
284,tres picos,15,-94,85.71,69.0,100.0,11.7,3515120,1627132801,MX
285,altay,48,88,65.23,44.0,4.0,7.45,1529651,1627132801,CN
286,shaoguan,25,113,69.62,86.0,0.0,0.34,1917433,1627132802,CN
287,wisconsin rapids,44,-90,73.0,99.0,100.0,3.24,5253884,1627132802,US
289,bardiyah,32,26,80.13,67.0,0.0,20.13,80509,1627132802,LY
290,sehithwa,-21,23,70.07,26.0,0.0,12.15,933109,1627132803,BW
292,boras,58,13,79.75,33.0,14.0,5.03,3337386,1627132803,SE
293,faridan,33,51,97.32,10.0,82.0,14.97,418606,1627132804,IR
295,kearney,41,-99,70.81,50.0,100.0,6.73,5076020,1627132809,US
297,rapar,24,71,87.91,76.0,14.0,15.9,1258406,1627132809,IN
298,berezovyy,52,135,61.81,74.0,93.0,6.02,2026786,1627132810,RU
299,tolaga bay,-39,179,54.21,66.0,100.0,14.03,2190766,1627132810,NZ
301,mukhen,48,136,79.56,68.0,94.0,4.34,2019718,1627132810,RU
302,ondjiva,-16,16,81.63,7.0,0.0,8.43,3349096,1627132811,AO
303,buffalo,45,-94,71.78,85.0,33.0,5.01,5053185,1627132223,US
304,tongliao,43,122,79.95,68.0,100.0,17.49,2036628,1627132811,CN
305,rabaul,-4,152,83.37,75.0,67.0,8.57,2087894,1627132811,PG
306,daru,-13,142,71.55,85.0,7.0,2.19,2144209,1627132812,AU
307,bydgoszcz,53,18,76.89,47.0,0.0,4.61,3090673,1627132812,PL
308,bontang,0,118,83.01,79.0,100.0,20.07,1648186,1627132812,ID
309,stepnogorsk,52,72,89.53,23.0,70.0,2.93,1516527,1627132812,KZ
310,verkhnya syrovatka,51,35,75.2,54.0,59.0,7.11,692194,1627132813,UA
311,bani walid,32,14,94.01,19.0,0.0,8.81,2218840,1627132813,LY
313,bombay,-37,175,52.99,89.0,12.0,4.61,6231571,1627132814,NZ
314,tena,-1,-78,65.25,67.0,100.0,1.81,3650721,1627132814,EC
316,morlaix,49,-4,63.61,95.0,83.0,2.26,6431037,1627132814,FR
317,yagodnoye,63,150,58.6,75.0,100.0,3.78,2119626,1627132815,RU
318,san isidro,7,127,85.17,82.0,80.0,24.45,1702032,1627132815,PH
319,porirua,-41,175,40.01,82.0,5.0,3.8,2183619,1627132815,NZ
320,bossembele,5,17,82.04,63.0,100.0,4.34,2388707,1627132815,CF
321,ondangwa,-19,16,74.59,7.0,0.0,13.82,3354716,1627132816,NA
322,redcliffe,-19,29,70.21,30.0,40.0,10.83,878675,1627132816,ZW
323,bayji,35,43,110.5,12.0,0.0,11.86,97783,1627132816,IQ
324,ksenyevka,55,118,53.55,100.0,100.0,3.56,2014836,1627132816,RU
325,sakaraha,-23,45,61.84,38.0,6.0,14.41,1057095,1627132817,MG
326,adet,11,38,68.72,78.0,100.0,6.53,339671,1627132817,ET
327,arroyos y esteros,-25,-57,77.18,34.0,0.0,9.89,3439395,1627132817,PY
328,saint-raymond,47,-72,62.64,54.0,0.0,2.39,6122923,1627132818,CA
329,tyukalinsk,56,72,81.05,58.0,100.0,5.28,1488780,1627132818,RU
330,tyrma,50,133,67.32,76.0,24.0,3.76,2014694,1627132818,RU
331,kizilskoye,53,59,74.66,63.0,95.0,1.81,584051,1627132818,RU
332,colac,-40,144,47.32,67.0,100.0,24.07,2164669,1627132819,AU
333,taveta,-3,38,86.05,25.0,10.0,18.43,186101,1627132819,KE
334,shubarkuduk,49,55,82.67,35.0,15.0,12.73,608354,1627132819,KZ
335,pteleos,39,23,78.37,46.0,0.0,12.1,254442,1627132820,GR
336,beisfjord,66,18,58.26,68.0,100.0,8.59,2725372,1627132820,SE
337,de aar,-30,24,57.31,11.0,0.0,13.91,964334,1627132820,ZA
338,lesogorskiy,61,29,70.29,32.0,24.0,8.08,535670,1627132820,RU
339,belem de sao francisco,-9,-39,79.68,50.0,88.0,20.18,3405852,1627132821,BR
340,berberati,4,16,85.66,54.0,100.0,2.68,2386820,1627132821,CF
341,masumbwe,-4,32,85.48,20.0,0.0,8.03,154654,1627132821,TZ
342,makat,48,53,87.53,25.0,0.0,11.12,608872,1627132821,KZ
344,lucea,18,-79,82.47,75.0,100.0,12.15,3489331,1627132822,JM
345,kaspiyskiy,45,47,88.05,33.0,68.0,11.41,461873,1627132822,RU
346,belaya kholunitsa,59,51,63.43,33.0,87.0,8.68,578152,1627132822,RU
347,cintalapa,17,-94,64.17,98.0,100.0,3.04,3530617,1627132823,MX
350,campoverde,-8,-75,76.89,63.0,5.0,1.12,3733380,1627132823,PE
351,perene,-11,-75,70.52,66.0,0.0,1.52,3932502,1627132824,PE
353,charlottetown,46,-63,63.07,85.0,100.0,6.73,5954426,1627132824,CA
354,przasnysz,53,21,80.08,50.0,99.0,1.05,762032,1627132824,PL
355,athabasca,55,-114,58.23,56.0,1.0,9.57,5976495,1627132825,CA
356,maracacume,-2,-46,85.03,58.0,98.0,4.5,3395497,1627132825,BR
358,chubbuck,43,-113,58.28,22.0,0.0,3.13,5583714,1627132825,US
359,fort wellington,7,-57,82.47,75.0,59.0,21.3,3378690,1627132826,GY
360,esil,52,66,83.62,38.0,100.0,6.64,1524296,1627132826,KZ
361,watertown,44,-76,72.32,70.0,1.0,3.44,5110449,1627132826,US
364,punta gorda,16,-89,77.14,98.0,100.0,1.7,3581398,1627132827,BZ
365,goba,7,40,53.2,93.0,100.0,4.27,336350,1627132827,ET
367,fulitun,47,131,81.19,55.0,5.0,5.93,2037370,1627132828,CN
368,rudbar,29,63,107.78,6.0,57.0,15.43,1128239,1627132828,AF
370,isla mujeres,22,-86,83.37,76.0,41.0,7.43,3526756,1627132829,MX
371,santo tomas,-14,-72,40.91,57.0,0.0,0.87,3948917,1627132829,PE
372,kudat,7,117,84.34,79.0,100.0,17.29,7603928,1627132829,MY
373,garoua,9,13,82.27,77.0,44.0,5.06,2231320,1627132829,CM
374,accra,5,0,78.15,69.0,84.0,11.48,2295773,1627132830,GH
375,pine bluff,34,-92,79.45,82.0,0.0,4.59,4132227,1627132830,US
376,antri,26,78,94.05,52.0,7.0,4.38,1278516,1627132830,IN
377,ust-maya,60,134,67.87,99.0,100.0,6.73,2013918,1627132830,RU
378,brownsville,26,-96,83.01,74.0,0.0,14.43,4733103,1627132831,US
379,lewisville,33,-97,79.54,80.0,20.0,1.01,4706057,1627132831,US
382,sorsk,54,90,63.99,83.0,100.0,0.78,1491360,1627132832,RU
383,qovlar,41,46,89.94,37.0,60.0,8.43,586692,1627132832,AZ
384,novobirilyussy,57,91,74.61,57.0,100.0,6.42,1508260,1627132832,RU
386,lind,56,9,78.08,51.0,56.0,13.18,2618931,1627132833,DK
387,blankenberge,52,3,66.58,88.0,100.0,11.5,2756746,1627132833,NL
388,sofiysk,53,135,61.92,79.0,100.0,4.59,2023584,1627132833,RU
389,quang ngai,15,110,85.53,70.0,100.0,30.6,1568770,1627132833,VN
391,goundam,17,-4,100.65,30.0,51.0,11.72,2453866,1627132834,ML
394,barbastro,42,0,86.18,16.0,100.0,13.67,6358360,1627132835,ES
395,bure,11,36,68.79,97.0,100.0,4.7,444181,1627132835,ET
396,gravatai,-30,-51,64.42,64.0,0.0,2.3,3462089,1627132835,BR
397,ananas,-6,-48,86.67,34.0,30.0,11.12,3405318,1627132835,BR
398,sharjah,25,57,93.49,83.0,100.0,12.41,286402,1627132836,OM
399,huejuquilla el alto,23,-104,60.84,87.0,95.0,0.13,4004616,1627132836,MX
400,aldan,59,124,58.84,97.0,100.0,5.26,2019135,1627132836,RU
401,laguna de perlas,13,-84,75.0,97.0,100.0,4.61,3618618,1627132836,NI
402,cavalcante,-14,-48,77.36,34.0,32.0,4.85,3472775,1627132837,BR
403,jumla,30,83,53.22,64.0,100.0,9.48,1283245,1627132837,NP
404,parangan,5,120,84.4,79.0,22.0,12.77,1727148,1627132837,PH
405,matagami,50,-77,66.07,60.0,100.0,10.27,6067747,1627132837,CA
406,senno,54,29,77.32,34.0,6.0,6.49,630197,1627132838,BY
407,tarudant,29,-6,106.92,7.0,0.0,2.33,2565267,1627132838,MA
408,arantangi,10,79,86.83,63.0,99.0,13.27,1278448,1627132838,IN
409,villacarrillo,38,-3,93.94,13.0,0.0,9.69,6358528,1627132838,ES
410,preston,42,-112,59.14,21.0,0.0,5.06,5777244,1627132839,US
411,miranorte,-9,-49,85.73,35.0,9.0,13.94,3411892,1627132839,BR
412,eyl,8,51,78.51,76.0,36.0,34.92,60019,1627132839,SO
413,doka,14,36,71.53,97.0,100.0,6.89,376332,1627132839,SD
414,siguiri,11,-9,78.42,79.0,99.0,8.55,2415703,1627132840,GN
415,golden,52,-117,36.27,64.0,35.0,4.0,5883102,1627132840,CA
416,bacalar,19,-88,77.02,84.0,79.0,2.04,3532465,1627132840,MX
417,la plata,38,-77,74.26,87.0,90.0,0.0,4788822,1627132840,US
418,abu dhabi,22,53,111.4,18.0,8.0,3.09,290400,1627132841,AE
419,gonda,27,82,89.33,64.0,41.0,14.07,1266617,1627132841,IN
421,kosjeric,44,20,78.39,35.0,1.0,5.84,3197622,1627132841,RS
423,ibicui,-15,-40,74.53,47.0,19.0,9.51,3460542,1627132842,BR
424,richard toll,17,-16,87.58,43.0,7.0,9.33,2376898,1627132842,MR
427,vadso,70,29,51.42,88.0,100.0,25.57,777032,1627132843,NO
428,sao raimundo nonato,-9,-43,77.63,48.0,18.0,12.03,3388145,1627132843,BR
429,hukuntsi,-25,21,66.45,15.0,0.0,9.42,933657,1627132844,BW
430,tiznit,27,-9,110.84,8.0,0.0,10.63,2476301,1627132844,DZ
431,macapa,0,-51,86.18,79.0,40.0,8.05,3396016,1627132844,BR
432,saint augustine,30,-81,83.21,78.0,89.0,16.08,4176509,1627132844,US
434,semey,50,79,87.12,28.0,7.0,8.01,1520885,1627132845,KZ
435,roswell,34,-105,67.91,64.0,100.0,11.45,5475934,1627132845,US
436,kapuskasing,50,-82,61.12,97.0,100.0,11.7,5989403,1627132845,CA
437,bataipora,-22,-53,75.34,31.0,0.0,10.47,3467820,1627132846,BR
438,ozgon,41,73,96.89,9.0,0.0,10.74,1528249,1627132846,KG
439,nipawin,54,-103,64.74,62.0,0.0,9.55,5933900,1627132846,CA
440,keti bandar,23,67,83.19,83.0,100.0,15.43,1174451,1627132847,PK
441,basco,21,123,83.55,88.0,17.0,33.67,1726302,1627132847,PH
442,shar,49,82,79.41,37.0,48.0,11.05,1525223,1627132847,KZ
443,barra do bugres,-15,-57,83.44,32.0,6.0,6.78,3470718,1627132847,BR
445,tsabong,-27,22,63.63,21.0,0.0,13.78,932987,1627132848,BW
446,shetpe,45,53,92.73,39.0,89.0,20.8,608402,1627132848,KZ
447,palana,60,160,48.63,99.0,100.0,6.55,2122262,1627132848,RU
448,dicabisagan,17,123,85.53,81.0,100.0,21.7,1715015,1627132849,PH
449,litovko,49,135,80.19,70.0,100.0,1.43,2020738,1627132849,RU
450,tashtyp,53,90,68.56,83.0,100.0,2.42,1490036,1627132849,RU
451,maloshuyka,63,38,57.18,47.0,100.0,9.51,551877,1627132849,RU
452,nevers,47,3,74.79,50.0,82.0,9.24,3022943,1627132850,FR
453,charagua,-19,-62,79.12,39.0,0.0,15.05,3867395,1627132850,PY
454,okakarara,-21,18,70.2,6.0,0.0,12.19,3371209,1627132850,NA
456,santo antonio do sudoeste,-26,-54,67.19,36.0,0.0,6.8,3478366,1627132851,BR
457,ridgecrest,36,-118,61.66,31.0,50.0,3.29,5401000,1627132851,US
458,karur,11,78,85.12,59.0,100.0,20.85,1255053,1627132851,IN
459,yar-sale,66,71,64.45,51.0,100.0,10.78,1498087,1627132852,RU
460,kijang,0,104,85.53,72.0,10.0,10.65,1639286,1627132852,ID
461,benicarlo,40,1,78.33,85.0,6.0,10.54,3113860,1627132852,ES
462,manono,-8,27,91.56,22.0,19.0,7.52,205297,1627132853,CD
463,dauphin,52,-100,62.42,68.0,0.0,15.01,5962890,1627132853,CA
464,dien bien,22,102,69.48,98.0,55.0,1.5,1653894,1627132853,LA
465,rock sound,25,-76,81.93,74.0,88.0,11.18,3830951,1627132853,BS
466,sungairaya,0,107,84.27,76.0,98.0,18.63,1996551,1627132854,ID
467,jabiru,-13,132,69.57,76.0,97.0,5.06,7839375,1627132854,AU
468,san francisco,-31,-63,60.19,57.0,7.0,11.5,3849557,1627132854,AR
469,suoyarvi,62,33,63.64,39.0,100.0,5.97,563407,1627132854,RU
473,raga,9,25,88.56,43.0,92.0,5.68,373413,1627132855,SS
474,saquena,-5,-73,73.06,71.0,98.0,1.54,3692020,1627132856,PE
475,kirya,55,47,65.17,63.0,100.0,6.87,548302,1627132856,RU
476,volokolamsk,56,36,66.85,39.0,62.0,6.04,472433,1627132856,RU
477,melo,-32,-54,68.95,65.0,3.0,7.07,3473204,1627132857,BR
478,sinaloa,26,-108,73.18,93.0,0.0,4.38,3983032,1627132857,MX
480,mlowo,-8,33,82.13,20.0,7.0,8.9,154375,1627132857,TZ
482,anchorage,60,-149,48.85,90.0,98.0,5.03,5873776,1627132858,US
483,diapaga,12,2,81.75,62.0,100.0,11.52,2361373,1627132858,BF
484,garden city,44,-116,50.34,30.0,0.0,4.59,5596462,1627132858,US
485,kampong chhnang,12,105,82.44,74.0,100.0,9.66,1826603,1627132859,KH
486,suntar,62,116,73.89,46.0,100.0,10.27,2015913,1627132859,RU
487,dryden,51,-93,62.26,42.0,0.0,10.09,5944935,1627132859,CA
488,iwaki,37,141,76.37,90.0,0.0,1.66,2112539,1627132859,JP
489,kopychyntsi,49,26,76.21,53.0,100.0,3.09,705016,1627132860,UA
490,potgietersrus,-24,29,58.93,17.0,0.0,8.77,964315,1627132860,ZA
491,steamboat springs,40,-107,50.74,76.0,100.0,0.67,5424152,1627132860,US
492,chanute,38,-95,78.17,89.0,11.0,9.33,4268552,1627132860,US
493,malinyi,-9,36,84.0,34.0,63.0,1.32,155016,1627132861,TZ
494,warmbad,-25,28,61.47,19.0,0.0,8.95,941966,1627132861,ZA
495,curvelo,-19,-44,66.34,48.0,2.0,7.09,3459933,1627132861,BR
496,poum,-19,164,76.17,85.0,49.0,9.69,2138555,1627132861,NC
498,sanming,26,118,72.09,95.0,100.0,2.42,1817062,1627132862,CN
499,erie,40,-105,67.51,74.0,1.0,0.0,5576859,1627132709,US
502,tanabe,33,135,79.95,79.0,100.0,11.77,1851383,1627132863,JP
503,zhireken,53,118,54.84,95.0,95.0,3.2,2012510,1627132863,RU
504,qingyuan,24,113,81.01,78.0,22.0,3.58,1917133,1627132863,CN
505,wakkanai,45,140,72.93,94.0,14.0,10.78,2130316,1627132864,JP
506,boissevain,49,-100,62.82,39.0,0.0,10.54,5061876,1627132864,US
507,landsberg,48,11,77.36,58.0,100.0,4.34,2861322,1627132864,DE
508,hoquiam,47,-124,57.47,71.0,90.0,0.0,5797693,1627132864,US
509,tekari,25,85,86.32,67.0,99.0,9.64,1254797,1627132865,IN
510,kurumkan,55,111,49.5,69.0,1.0,6.42,2014243,1627132865,RU
512,chocaman,19,-97,60.96,54.0,3.0,5.64,3530778,1627132865,MX
513,jiaonan,36,120,81.28,83.0,100.0,2.06,1792087,1627132866,CN
514,viljoenskroon,-27,27,58.03,19.0,0.0,7.87,943960,1627132866,ZA
515,jinotega,13,-86,69.24,94.0,75.0,18.41,3615877,1627132866,NI
517,koygorodok,61,51,59.43,37.0,100.0,10.56,473263,1627132867,RU
518,kawambwa,-10,29,81.75,20.0,0.0,9.71,176555,1627132867,ZM
519,chabahar,26,61,101.41,35.0,99.0,11.83,1161724,1627132867,IR
521,lahat,-5,103,83.19,74.0,100.0,13.38,7863189,1627132868,ID
522,huancayo,-12,-75,41.13,43.0,0.0,3.06,3944223,1627132868,PE
523,pyaozerskiy,66,31,55.69,59.0,100.0,12.88,506691,1627132868,RU
524,syedove,47,38,80.51,40.0,0.0,3.31,712181,1627132868,UA
526,sychevka,56,34,64.29,51.0,100.0,3.67,485280,1627132869,RU
527,songjianghe,42,128,60.12,73.0,72.0,2.01,2035840,1627132869,CN
530,kassala,15,36,72.73,96.0,100.0,14.34,344211,1627132870,ER
531,chunskiy,56,100,68.16,61.0,0.0,4.32,1507636,1627132870,RU
533,yatou,38,124,80.31,80.0,21.0,3.29,1879029,1627132871,KP
534,bata,2,10,78.64,80.0,48.0,7.99,2309096,1627132871,GQ
535,ghanzi,-21,21,71.2,17.0,0.0,8.55,933644,1627132871,BW
536,mpika,-12,32,65.16,73.0,100.0,7.38,905846,1627132871,ZM
537,bulgan,48,104,66.02,65.0,100.0,10.47,2029117,1627132872,MN
538,dawlatabad,37,67,104.05,8.0,0.0,10.98,1142776,1627132872,AF
541,ellisras,-24,28,60.22,18.0,0.0,9.53,945142,1627132873,ZA
542,porto velho,-9,-64,82.22,43.0,58.0,1.41,3662762,1627132873,BR
543,garh maharaja,31,72,107.31,26.0,48.0,6.73,1178841,1627132873,PK
544,cortez,37,-109,66.96,65.0,30.0,5.03,5489698,1627132873,US
545,tahta,25,29,99.05,15.0,0.0,15.37,360483,1627132874,EG
546,tongzi,28,107,70.07,91.0,13.0,3.0,1792516,1627132874,CN
547,kunya,56,31,73.36,32.0,33.0,5.66,477774,1627132874,RU
548,umm durman,16,31,96.42,29.0,100.0,10.45,366755,1627132875,SD
549,gomel,53,31,76.78,46.0,53.0,7.16,629390,1627132875,BY
550,bucyrus,41,-83,71.33,84.0,27.0,10.33,5171643,1627132875,US
551,tawkar,18,38,88.52,51.0,99.0,24.47,366323,1627132875,SD
552,rzeszow,50,22,81.1,41.0,0.0,3.0,858788,1627132876,PL
553,shalakusha,62,40,60.58,40.0,100.0,9.31,495983,1627132876,RU
554,twentynine palms,35,-116,81.48,34.0,100.0,1.79,5391726,1627132876,US
555,macamic,48,-79,62.56,70.0,100.0,9.33,6139012,1627132876,CA
556,rudsar,38,51,82.15,75.0,15.0,12.41,118191,1627132877,IR
558,spas-klepiki,55,40,65.43,53.0,100.0,4.92,551152,1627132877,RU
559,nazarovo,56,90,77.09,68.0,75.0,1.01,1497951,1627132877,RU
562,caticlan,12,122,82.63,79.0,100.0,23.24,1689515,1627132878,PH
563,barrhead,54,-115,52.36,66.0,94.0,6.58,6126200,1627132878,CA
564,heyang,30,106,84.67,82.0,0.0,4.56,1808212,1627132879,CN
565,marystown,47,-55,56.77,90.0,100.0,11.95,6140842,1627132879,CA
566,riga,57,24,71.55,35.0,0.0,10.36,460885,1627132879,LV
567,ishim,56,70,78.53,66.0,100.0,6.69,1505453,1627132879,RU
568,calvia,40,2,79.41,79.0,6.0,8.86,2517827,1627132880,ES
569,padilla,-19,-64,69.48,43.0,0.0,4.25,6621218,1627132880,BO
570,tonneins,44,0,78.73,49.0,96.0,10.04,6433839,1627132880,FR
571,abalak,17,5,91.09,37.0,9.0,13.11,2439374,1627132880,NE
572,leskovac,43,22,83.17,35.0,0.0,8.34,788709,1627132881,RS
574,tramandai,-30,-50,61.05,71.0,0.0,2.06,3446232,1627132881,BR
575,nador,33,-3,95.47,9.0,96.0,8.55,2597553,1627132881,MA
576,pingxiang,28,114,75.56,85.0,0.0,1.95,1814743,1627132882,CN
577,mombetsu,45,144,66.09,90.0,8.0,1.05,2129163,1627132882,JP
578,aranos,-24,19,67.95,8.0,0.0,11.21,3358666,1627132882,NA
579,constanza,19,-71,54.72,66.0,64.0,1.99,3499574,1627132882,DO
580,makhachkala,44,48,78.37,71.0,6.0,10.92,486398,1627132883,RU
582,sevlievo,43,25,80.11,36.0,92.0,5.46,732800,1627132883,BG
583,yerofey pavlovich,53,122,59.88,91.0,21.0,2.28,6958004,1627132883,CN
584,aurillac,45,3,58.17,53.0,3.0,8.61,3022886,1627132832,FR
585,ijsselstein,52,5,70.79,79.0,100.0,1.01,2745961,1627132884,NL
586,balad,34,44,113.79,10.0,0.0,11.3,98112,1627132884,IQ
587,lengshuitan,26,111,78.75,83.0,2.0,4.97,1797352,1627132884,CN
589,makaryev,58,44,65.01,33.0,71.0,5.21,506391,1627132885,RU
590,severnyy,70,65,47.73,76.0,57.0,22.41,1544819,1627132885,RU
592,taksimo,56,115,49.46,79.0,100.0,8.28,2015701,1627132886,RU
594,rawson,-51,-57,41.25,82.0,5.0,24.49,3426691,1627132886,FK
595,lahij,14,46,68.86,83.0,100.0,6.24,72557,1627132886,YE
596,sanchor,25,71,96.53,43.0,48.0,14.76,1257477,1627132887,IN
597,pawayan,28,80,90.57,64.0,36.0,6.31,1260003,1627132887,IN
598,chornukhy,50,33,80.08,36.0,17.0,7.34,702723,1627132887,UA
599,dno,58,30,67.53,51.0,100.0,6.53,565885,1627132887,RU
600,san miguel,8,-79,80.49,80.0,100.0,7.09,3709361,1627132888,PA
601,barsovo,61,73,62.89,93.0,100.0,7.58,1504368,1627132888,RU
602,skjaerhollen,59,11,79.83,70.0,11.0,10.42,3138976,1627132888,NO
603,ossora,60,163,52.97,89.0,100.0,2.08,2122389,1627132888,RU
604,at-bashi,41,77,59.36,20.0,3.0,12.77,1527592,1627132889,KG
605,cervo,45,-7,65.73,89.0,18.0,23.11,3128698,1627132889,ES
606,tselinnoye,53,86,69.93,90.0,16.0,5.03,1489138,1627132889,RU
608,mbandaka,0,18,97.56,25.0,100.0,4.97,2312895,1627132890,CD
609,tula,23,-100,65.32,64.0,6.0,2.71,3515068,1627132890,MX
610,atasu,48,73,89.06,17.0,0.0,4.9,1526601,1627132890,KZ
612,storsteinnes,69,19,57.16,82.0,75.0,9.22,3140881,1627132891,NO
613,san rafael,-17,-60,80.89,36.0,0.0,5.35,3919352,1627132891,BO
614,larsnes,63,5,57.45,91.0,96.0,7.9,3134955,1627132891,NO
615,kilis,37,37,92.95,13.0,0.0,12.57,304078,1627132891,TR
616,gravdal,70,13,51.69,91.0,100.0,7.18,6453318,1627132892,NO
617,mujiayingzi,44,117,63.48,91.0,100.0,7.7,8054802,1627132892,CN
619,kulevcha,46,30,82.33,35.0,0.0,7.4,705442,1627132892,UA
620,makokou,0,13,78.48,41.0,100.0,2.64,2396926,1627132893,GA
621,omsukchan,62,156,51.15,92.0,100.0,2.95,2122493,1627132893,RU
622,bam,30,58,111.42,6.0,0.0,14.88,128231,1627132893,IR
623,carmarthen,52,-4,67.8,75.0,88.0,13.0,2643947,1627132893,GB
624,ust-tsilma,67,50,46.69,83.0,100.0,22.97,475936,1627132894,RU
625,buraydah,26,42,109.24,8.0,23.0,11.97,396460,1627132894,SA
628,nouakchott,18,-17,73.83,78.0,11.0,6.91,2377450,1627132895,MR
631,makhu,31,75,100.67,38.0,34.0,4.92,7645176,1627132895,IN
632,boali,5,18,83.14,58.0,100.0,4.81,2383765,1627132896,CF
633,funadhoo,6,73,82.83,72.0,100.0,8.52,1337620,1627132896,MV
634,longlac,50,-86,65.5,97.0,100.0,5.84,6085647,1627132896,CA
635,montepuez,-13,39,77.95,32.0,20.0,13.02,1037125,1627132896,MZ
636,thouars,47,0,74.41,50.0,99.0,17.47,2997457,1627132897,FR
637,obluche,49,131,72.05,62.0,100.0,2.75,2022454,1627132897,RU
642,sembe,1,14,90.63,37.0,83.0,2.62,2400033,1627132898,GA
643,pilar,10,127,86.43,76.0,10.0,16.02,1713046,1627132898,PH
644,ila,8,5,73.35,80.0,100.0,5.12,2337765,1627132899,NG
645,zhanatas,45,71,102.02,11.0,0.0,3.62,1523563,1627132899,KZ
646,dargaville,-37,173,57.63,80.0,35.0,24.9,2186363,1627132899,NZ
647,chippewa falls,45,-91,67.17,97.0,100.0,6.78,5274473,1627132899,US
648,pak phanang,9,101,84.63,71.0,100.0,5.39,1608033,1627132900,TH
649,hvide sande,56,7,63.21,79.0,0.0,6.46,2619537,1627132900,DK
650,terrak,65,12,55.96,64.0,93.0,3.96,7626390,1627132900,NO
651,nara,16,-8,98.49,28.0,57.0,7.83,2377539,1627132900,MR
653,marshall,45,-96,71.62,88.0,1.0,0.0,5023932,1627132901,US
654,calafat,44,23,87.75,27.0,35.0,9.08,683034,1627132901,RO
655,georgiyevka,44,75,92.75,15.0,0.0,17.02,1518598,1627132901,KZ
656,koslan,63,49,48.56,77.0,100.0,9.08,527299,1627132902,RU
657,weyburn,49,-104,61.88,41.0,0.0,6.38,6095279,1627132902,CA
658,ye,15,97,81.57,86.0,100.0,17.43,1317402,1627132902,MM
659,el wasta,29,32,93.52,21.0,0.0,13.96,7521348,1627132902,EG
660,lukovetskiy,65,42,49.15,81.0,100.0,8.32,509483,1627132903,RU
661,lusambo,-5,24,95.11,18.0,7.0,6.55,210379,1627132903,CD
662,wittlich,50,7,70.97,81.0,40.0,9.22,2890873,1627132903,DE
663,uarini,-3,-65,78.85,95.0,100.0,1.54,3661756,1627132904,BR
664,kasempa,-14,26,75.11,34.0,15.0,12.44,912628,1627132904,ZM
665,bereda,12,54,77.97,79.0,10.0,37.31,6940758,1627132904,YE
666,lodja,-2,22,98.35,18.0,16.0,3.11,211384,1627132904,CD
668,kalmar,56,17,67.17,64.0,48.0,11.63,2675691,1627132905,SE
669,asimion,35,25,81.9,28.0,0.0,23.15,264083,1627132905,GR
670,yakeshi,48,121,56.3,95.0,0.0,3.51,2035732,1627132905,CN
671,terme,41,37,73.56,64.0,66.0,9.1,749518,1627132906,TR
672,uruzgan,33,67,74.8,19.0,100.0,1.32,1137359,1627132906,AF
673,rapid valley,44,-103,71.49,63.0,1.0,12.66,5768244,1627132906,US
675,poso,-2,120,57.87,100.0,95.0,2.82,1635984,1627132907,ID
677,suamico,45,-88,71.92,100.0,90.0,0.0,5265518,1627132907,US
678,azul,-37,-60,47.03,58.0,100.0,13.96,3835289,1627132907,AR
679,dzhebariki-khaya,62,136,61.41,96.0,100.0,3.24,2024626,1627132908,RU
681,kholtoson,50,103,61.02,82.0,100.0,3.13,2028933,1627132908,MN
683,corpus christi,-24,-55,70.75,44.0,0.0,10.2,3438816,1627132909,PY
684,iberia,-11,-70,75.58,54.0,0.0,1.21,3938531,1627132909,PE
685,borgarnes,65,-22,60.71,97.0,100.0,8.79,3426184,1627132909,IS
686,orange,-33,149,45.23,93.0,100.0,17.92,2161561,1627132910,AU
689,dasoguz,41,60,107.94,7.0,0.0,6.69,1513604,1627132910,UZ
691,kyra,50,111,47.34,82.0,5.0,0.83,2021041,1627132911,RU
692,poyarkovo,49,129,72.93,83.0,100.0,4.72,2017705,1627132911,RU
693,nynashamn,59,18,77.41,51.0,100.0,10.85,2686153,1627132911,SE
694,wentzville,39,-91,79.61,87.0,1.0,6.67,4412089,1627132912,US
695,azar shahr,38,46,99.21,12.0,5.0,6.2,35056,1627132912,IR
697,xapuri,-10,-69,79.23,50.0,1.0,2.24,3924674,1627132912,BR
698,dumas,36,-102,68.52,77.0,1.0,5.75,5518084,1627132912,US
699,melivoia,40,23,85.48,57.0,0.0,11.21,257282,1627132913,GR
700,viseu,0,-46,82.11,76.0,15.0,16.13,3402648,1627132913,BR
701,bahir dar,12,37,66.76,83.0,100.0,13.24,339540,1627132913,ET
702,dubna,54,37,68.72,43.0,9.0,7.7,542942,1627132913,RU
703,baturaja,-4,105,75.18,75.0,11.0,7.25,1622685,1627132914,ID
704,macia,-25,33,66.34,51.0,96.0,13.4,1024701,1627132914,MZ
705,fatehpur,31,71,108.03,21.0,89.0,3.69,1172035,1627132914,PK
706,solnechnyy,59,140,54.93,96.0,100.0,5.91,2125742,1627132915,RU
709,stornoway,59,-7,57.09,91.0,15.0,9.1,2649966,1627132916,GB
710,san alberto,-25,-55,69.75,38.0,0.0,12.88,3437136,1627132916,PY
711,siocon,8,121,83.73,79.0,100.0,13.58,1686123,1627132916,PH
712,jiwani,25,62,82.65,85.0,100.0,13.42,1336509,1627132916,PK
713,cabanas,24,-83,83.01,73.0,12.0,5.64,3566573,1627132917,CU
715,sidi ali,37,0,76.89,85.0,100.0,8.95,2516169,1627132917,ES
716,plastun,45,136,69.75,95.0,100.0,2.42,2017912,1627132917,RU
717,marathon,25,-81,80.46,69.0,100.0,6.69,4163379,1627132918,US
718,meadow lake,55,-107,60.01,65.0,16.0,11.18,5896578,1627132918,CA
719,jaipur hat,25,89,84.09,81.0,27.0,9.13,1337166,1627132918,BD
720,lebanon,36,-86,74.84,85.0,4.0,2.59,4666102,1627132918,US
721,marquette,46,-88,67.86,100.0,100.0,1.7,4994408,1627132919,US
723,kaoma,-15,25,78.58,28.0,37.0,14.97,898586,1627132919,ZM
725,caraquet,47,-65,61.9,71.0,100.0,4.05,7302876,1627132920,CA
728,wainwright,53,-111,52.92,56.0,5.0,12.03,5983858,1627132921,CA
729,boquira,-13,-43,72.27,46.0,1.0,8.52,3458237,1627132921,BR
730,iquique,-20,-69,36.61,24.0,55.0,2.21,3870116,1627132921,CL
731,hongjiang,27,110,76.28,92.0,99.0,2.75,1797023,1627132922,CN
732,hope mills,35,-79,77.36,76.0,1.0,1.01,4471851,1627132922,US
733,chililabombwe,-12,28,73.96,39.0,48.0,17.74,922944,1627132922,CD
734,kayes,15,-11,96.06,37.0,100.0,8.99,2448489,1627132923,ML
735,puerto del rosario,27,-12,95.45,26.0,0.0,8.1,2461874,1627132923,EH
736,de-kastri,51,141,59.97,99.0,100.0,16.4,2126018,1627132923,RU
737,halmstad,57,13,75.09,69.0,99.0,5.5,2667757,1627132923,SE
739,landau,49,8,80.92,59.0,95.0,5.21,6555220,1627132924,DE
740,upington,-29,20,60.04,11.0,9.0,16.98,945945,1627132924,ZA
741,gimli,52,-98,65.43,63.0,8.0,12.24,5968689,1627132924,CA
742,sukumo,32,133,80.49,77.0,100.0,19.26,1851462,1627132925,JP
744,alamosa,37,-106,57.88,82.0,4.0,5.03,5417805,1627132925,US
745,linxia,34,104,67.84,94.0,7.0,3.67,7326271,1627132925,CN
746,sungai udang,2,102,82.51,71.0,63.0,9.31,1761242,1627132926,MY
748,mecca,22,42,102.99,12.0,99.0,5.01,409993,1627132926,SA
749,brynmawr,52,-3,64.09,77.0,100.0,10.07,2643925,1627132927,GB
750,arkadelphia,34,-93,78.93,95.0,11.0,3.18,4128362,1627132927,US
751,nosy varika,-21,49,71.49,83.0,100.0,28.21,1058080,1627132927,MG
754,cangzhou,38,117,83.17,67.0,30.0,4.38,1816080,1627132928,CN
755,surt,30,18,91.6,25.0,0.0,15.05,2210553,1627132928,LY
756,tuyen quang,22,105,83.43,73.0,47.0,0.78,1559976,1627132929,VN
757,chimoio,-19,34,67.05,29.0,100.0,10.71,1040947,1627132929,MZ
758,manicore,-7,-61,85.73,47.0,95.0,3.67,3663503,1627132929,BR
759,akropong,6,0,89.8,41.0,51.0,9.48,2297816,1627132929,GH
760,noyabrsk,63,75,56.98,96.0,100.0,13.65,1496503,1627132930,RU
762,tacna,-18,-70,35.04,19.0,7.0,2.3,3928128,1627132930,PE
763,mercedes,-29,-58,69.19,60.0,6.0,13.13,3435214,1627132930,AR
764,enid,37,-98,76.08,67.0,13.0,8.37,4267605,1627132931,US
766,fevralsk,53,131,64.58,97.0,98.0,3.53,2024261,1627132931,RU
767,buenos aires,15,-89,71.85,95.0,100.0,0.63,3614583,1627132931,HN
769,dinar,38,30,84.47,19.0,5.0,5.59,315132,1627132932,TR
770,cascais,38,-10,66.09,83.0,6.0,14.92,8010624,1627132932,PT
771,mizan teferi,7,35,68.81,96.0,100.0,1.25,327694,1627132932,ET
773,motygino,58,96,73.89,51.0,9.0,5.08,1499385,1627132933,RU
774,belokurikha,52,85,71.76,84.0,19.0,4.18,1510502,1627132933,RU
775,tres lagoas,-20,-52,78.84,29.0,0.0,12.77,3461411,1627132933,BR
776,kobojango,-22,29,64.58,31.0,3.0,18.39,933753,1627132934,BW
777,san luis,6,-75,71.96,76.0,100.0,2.08,3770066,1627132934,CO
780,pontes e lacerda,-14,-59,79.32,38.0,0.0,7.54,3474501,1627132935,BR
781,miandrivazo,-18,44,74.14,63.0,16.0,21.97,1061912,1627132935,MG
782,rancho palos verdes,33,-119,63.16,86.0,100.0,11.45,5325305,1627132935,US
784,hunza,37,75,48.27,41.0,100.0,5.32,7427939,1627132936,PK
785,kingman,36,-114,75.51,50.0,100.0,1.88,5304306,1627132936,US
787,guaruja,-24,-46,69.87,61.0,0.0,4.25,3452469,1627132936,BR
788,kadykchan,62,146,54.9,89.0,100.0,8.03,2124611,1627132936,RU
789,sangmelima,2,13,84.67,49.0,35.0,3.18,2224162,1627132937,CM
790,pemba,-13,40,79.03,30.0,50.0,13.89,1037807,1627132937,MZ
791,atikokan,48,-92,65.79,96.0,16.0,5.57,5025627,1627132937,US
792,reconquista,-29,-60,71.51,46.0,12.0,10.94,3436230,1627132937,AR
793,verkhnetulomskiy,68,32,46.69,82.0,100.0,12.75,525404,1627132938,RU
794,jatai,-18,-52,74.66,36.0,0.0,13.04,3459872,1627132938,BR
795,epernay,49,4,72.82,58.0,95.0,10.22,3035661,1627132938,FR
796,pinar del rio,23,-84,82.83,76.0,2.0,5.08,3534094,1627132938,CU
798,tocache,-8,-77,57.99,51.0,1.0,0.18,3691324,1627132939,PE
799,concepcion del uruguay,-32,-59,61.84,62.0,100.0,6.42,3434137,1627132939,AR
800,vitim,59,113,64.83,63.0,42.0,3.24,2025230,1627132939,RU
801,tabuk,29,36,97.72,14.0,0.0,4.9,101628,1627132940,SA
802,straumen,67,16,45.3,95.0,100.0,2.89,3141548,1627132940,NO
803,turayf,32,38,93.09,20.0,0.0,16.37,250583,1627132940,JO
804,azad shahr,37,55,88.95,42.0,22.0,11.81,110831,1627132940,IR
805,vychegodskiy,61,47,56.52,45.0,100.0,9.86,470530,1627132941,RU
807,svetlaya,47,138,69.17,84.0,100.0,4.5,2015852,1627132941,RU
808,southbridge,42,-72,69.15,76.0,0.0,3.94,4841217,1627132941,US
811,acuna,29,-101,75.69,78.0,0.0,13.8,3998086,1627132942,MX
812,chaozhou,24,117,82.99,82.0,13.0,3.33,1917891,1627132942,CN
813,lauria,40,16,93.31,41.0,3.0,11.36,2525089,1627132943,IT
815,riberalta,-12,-67,79.79,46.0,0.0,1.95,3908600,1627132943,BO
816,den helder,54,4,63.39,83.0,91.0,16.89,2749334,1627132943,NL
817,vikersund,60,10,82.13,29.0,17.0,6.64,3131684,1627132944,NO
819,mulege,26,-113,69.69,89.0,20.0,9.69,3986148,1627132944,MX
820,snihurivka,47,33,85.84,30.0,0.0,7.43,693379,1627132944,UA
821,kirksville,40,-93,78.73,88.0,7.0,8.01,4395447,1627132945,US
822,bulawayo,-20,29,56.77,48.0,55.0,14.74,889795,1627132945,ZW
824,stykkisholmur,66,-22,55.8,84.0,100.0,14.36,3415667,1627132945,IS
825,pokhara,31,85,56.43,42.0,100.0,6.4,1280645,1627132946,CN
826,kargil,35,76,63.45,33.0,69.0,6.06,1174094,1627132946,PK
827,lobito,-12,14,85.64,37.0,0.0,9.64,3372346,1627132946,AO
829,mala,-13,-77,61.23,83.0,81.0,13.6,3935572,1627132947,PE
833,kalomo,-17,26,74.93,29.0,0.0,10.13,920106,1627132948,ZM
834,xinyu,28,115,80.4,76.0,0.0,11.12,7690155,1627132948,CN
835,sattahip,12,101,81.03,80.0,100.0,25.95,1606386,1627132948,TH
836,duluth,47,-91,67.21,98.0,100.0,13.18,5277856,1627132949,US
837,puerto leguizamo,0,-75,70.25,98.0,100.0,2.37,3671437,1627132949,CO
838,milici,44,19,76.21,30.0,0.0,2.19,3199417,1627132949,BA
839,peque,7,-76,51.03,97.0,100.0,1.86,3672512,1627132949,CO
841,ust-bolsheretsk,53,156,52.43,97.0,100.0,8.25,2120063,1627132950,RU
842,tshane,-24,22,66.49,18.0,0.0,10.56,933548,1627132950,BW
843,novaya igirma,57,104,67.01,58.0,96.0,4.7,2019004,1627132950,RU
844,drexel heights,32,-111,70.07,90.0,100.0,2.89,5312544,1627132496,US
846,quincy,40,-91,78.04,92.0,40.0,9.22,4886464,1627132683,US
847,petrivka,47,31,82.89,33.0,0.0,5.06,697450,1627132951,UA
848,svetlyy,51,61,78.76,52.0,100.0,10.98,1490501,1627132951,RU
850,sanmenxia,34,111,72.18,90.0,0.0,4.14,1797060,1627132952,CN
852,sao miguel do araguaia,-13,-51,84.25,31.0,56.0,12.62,3448455,1627132952,BR
855,vaihingen,49,9,80.98,51.0,100.0,4.7,2832939,1627132953,DE
856,santa catarina de tepehuanes,25,-106,51.66,89.0,6.0,2.28,3984571,1627132953,MX
857,puerto ayacucho,5,-67,64.51,98.0,100.0,1.1,3648789,1627132953,VE
858,bahia blanca,-39,-63,45.23,75.0,100.0,10.33,3866308,1627132954,AR
860,dalaba,11,-12,75.0,83.0,100.0,7.14,2422383,1627132954,GN
861,nigde,38,35,72.01,26.0,0.0,11.77,319707,1627132954,TR
862,parintins,-3,-56,84.13,54.0,100.0,5.61,3393008,1627132955,BR
863,maniitsoq,66,-52,39.22,80.0,7.0,4.92,3422700,1627132955,GL
864,liminangcong,11,119,84.09,83.0,100.0,23.67,1706332,1627132955,PH
865,general roca,-41,-68,36.39,57.0,100.0,9.93,3845977,1627132955,AR
867,kyzyl-suu,42,77,61.93,45.0,0.0,1.72,1528666,1627132956,KG
868,arak,34,50,98.46,10.0,75.0,18.01,143127,1627132956,IR
869,melito di porto salvo,38,16,77.18,36.0,0.0,7.78,2523005,1627132956,IT
870,martapura,-5,115,81.39,70.0,5.0,13.06,1625010,1627132957,ID
871,oriximina,1,-56,80.37,64.0,19.0,5.32,3384728,1627132957,SR
873,rudnaya pristan,44,136,71.13,92.0,100.0,12.24,2017384,1627132957,RU
874,ingersoll,43,-81,70.7,79.0,75.0,10.36,6165800,1627132958,CA
875,surgut,61,74,62.71,95.0,100.0,6.06,1485793,1627132958,RU
876,bayog,8,123,68.54,98.0,41.0,4.14,1725747,1627132958,PH
877,araguatins,-5,-48,84.54,34.0,52.0,11.03,3411874,1627132958,BR
879,mabai,23,104,66.07,91.0,100.0,5.06,1785642,1627132959,CN
881,gerash,27,54,96.49,26.0,0.0,4.05,137088,1627132959,IR
882,terny,51,34,69.42,71.0,100.0,7.58,692196,1627132960,UA
883,gbarnga,7,-10,72.68,96.0,100.0,2.68,2278292,1627132960,LR
884,manosque,44,6,87.78,25.0,100.0,17.96,2985244,1627132960,FR
885,tarakan,3,117,72.1,98.0,66.0,2.59,1638054,1627132960,ID
886,somerset,37,-84,68.7,83.0,1.0,0.0,4302681,1627132961,US
887,kraluv dvur,50,14,83.01,38.0,7.0,9.15,3069738,1627132961,CZ
888,kembe,4,22,82.08,63.0,100.0,4.27,238373,1627132961,CF
889,marsala,38,12,86.05,64.0,0.0,10.02,2524780,1627132961,IT
890,assomada,15,-24,83.19,71.0,91.0,12.82,3374707,1627132962,CV
892,almeirim,0,-53,82.72,62.0,23.0,4.59,3394561,1627132962,BR
893,tignere,7,13,73.2,85.0,91.0,2.68,2221513,1627132962,CM
894,san matias,-17,-59,81.99,34.0,0.0,3.83,3444105,1627132963,BO
895,sheridan,44,-107,53.24,49.0,0.0,2.26,5828957,1627132963,US
896,ler,8,30,91.29,43.0,100.0,7.83,371466,1627132963,SS
897,payakumbuh,0,99,83.91,71.0,100.0,8.1,1213459,1627132963,ID
898,yanam,16,83,84.81,79.0,5.0,18.19,1252795,1627132964,IN
899,laela,-9,32,67.68,43.0,100.0,11.3,156098,1627132964,TZ
900,mankato,44,-94,72.93,88.0,76.0,9.73,5018756,1627132964,US
902,topchikha,53,83,73.49,77.0,22.0,6.49,1489398,1627132965,RU
903,fomboni,-12,44,76.17,74.0,16.0,30.53,921967,1627132965,KM
904,baboua,5,15,77.5,76.0,56.0,6.17,2223306,1627132965,CM
905,tabasco,22,-103,55.99,86.0,86.0,0.22,3982729,1627132965,MX
906,ayagoz,47,79,94.59,16.0,0.0,7.36,1526268,1627132966,KZ
907,thunder bay,48,-90,64.49,95.0,100.0,6.08,6063363,1627132966,CA
908,kiunga,-6,140,72.25,100.0,100.0,3.33,2082430,1627132966,ID
909,zyryanka,66,152,59.5,56.0,100.0,3.31,2119283,1627132966,RU
911,dengzhou,38,121,78.15,82.0,100.0,10.8,1812988,1627132967,CN
912,manzil tamim,37,11,87.91,66.0,0.0,8.05,2473716,1627132967,TN
913,hell,63,11,73.92,39.0,100.0,3.29,3137400,1627132967,NO
914,chavakkad,10,75,81.03,86.0,100.0,15.84,1274468,1627132968,IN
915,nioki,-3,18,99.7,16.0,9.0,4.43,2311968,1627132968,CD
917,cheuskiny,63,71,61.77,67.0,100.0,5.21,7287775,1627132968,RU
919,pangkalanbuun,-3,111,79.41,77.0,0.0,8.21,1636322,1627132969,ID
921,pirgos,34,25,80.13,66.0,0.0,10.13,255242,1627132969,GR
922,asuncion,-25,-59,76.53,36.0,0.0,10.29,3427949,1627132970,AR
923,amga,61,131,57.87,98.0,100.0,10.27,2027786,1627132970,RU
924,santa rosalia,27,-113,74.35,64.0,100.0,2.57,3983805,1627132970,MX
925,loandjili,-5,11,72.57,80.0,2.0,6.42,2258314,1627132970,CG
926,calmar,53,-114,51.94,67.0,12.0,8.1,5952349,1627132971,CA
927,zhirnovsk,51,45,73.18,46.0,100.0,12.1,462984,1627132971,RU
928,emba,47,59,96.35,22.0,98.0,17.76,607706,1627132971,KZ
932,lianran,25,102,70.2,80.0,100.0,3.13,1785694,1627132972,CN
933,dabola,11,-11,79.29,80.0,100.0,6.13,2422442,1627132972,GN
934,las cruces,32,-107,66.16,58.0,100.0,3.47,5489804,1627132973,US
935,okandja,0,14,88.79,36.0,100.0,2.66,2593118,1627132973,CG
937,del rio,30,-102,74.93,75.0,18.0,14.99,5530210,1627132973,US
938,aflu,32,2,102.45,12.0,0.0,7.36,2498541,1627132974,DZ
939,klyuchevskiy,53,120,56.44,98.0,100.0,3.96,2021980,1627132974,RU
940,gwadar,24,63,81.57,84.0,100.0,16.98,1337313,1627132974,PK
942,severobaykalsk,56,109,50.36,74.0,42.0,5.84,2019199,1627132975,RU
943,ambunti,-4,142,72.7,100.0,100.0,0.45,2087246,1627132975,PG
944,chambersburg,40,-78,71.22,71.0,0.0,3.31,4559516,1627132975,US
945,aguada de pasajeros,22,-81,81.07,76.0,100.0,4.76,3569546,1627132975,CU
946,katobu,-6,122,81.03,69.0,31.0,12.62,1621900,1627132976,ID
947,guider,10,14,88.09,49.0,100.0,6.29,2230876,1627132976,CM
948,bonga,7,36,70.61,97.0,100.0,1.88,341742,1627132976,ET
949,okha,54,144,55.47,99.0,100.0,17.78,2122614,1627132976,RU
950,les herbiers,47,-1,71.11,72.0,100.0,17.98,2981568,1627132977,FR
952,anamur,36,33,84.11,65.0,0.0,16.26,320552,1627132977,TR
953,hovd,47,101,50.59,98.0,100.0,3.51,2032221,1627132977,MN
954,vysokogornyy,50,139,69.49,88.0,2.0,4.27,2013216,1627132978,RU
955,port-de-paix,21,-73,82.29,79.0,42.0,18.95,3572154,1627132978,BS
957,saint-louis,17,-17,74.73,76.0,100.0,6.26,2253349,1627132978,SN
958,katsiveli,44,34,76.71,42.0,0.0,1.45,698466,1627132979,UA
959,palu,-1,120,69.6,98.0,100.0,3.04,6971014,1627132979,ID
960,bima,-7,119,81.21,67.0,9.0,14.29,7384380,1627132979,ID
961,bowmore,56,-7,68.07,90.0,100.0,7.2,2654464,1627132979,GB
962,clearwater,28,-83,80.44,87.0,15.0,8.95,4147257,1627132980,US
963,kemin,43,76,77.81,34.0,0.0,4.56,1517733,1627132980,KZ
964,uri,34,74,70.66,70.0,69.0,3.89,1253694,1627132980,IN
965,obo,5,26,84.4,54.0,94.0,6.91,238637,1627132981,CF
966,jati,-6,111,83.01,70.0,0.0,15.52,8060045,1627132981,ID
967,preobrazheniye,43,134,73.54,92.0,0.0,4.21,2017658,1627132981,RU
969,mooi river,-29,30,52.11,32.0,0.0,5.5,972062,1627132982,ZA
971,ouallam,15,2,80.69,58.0,100.0,12.1,2448705,1627132982,ML
973,ujhani,28,79,92.17,57.0,100.0,8.68,1253918,1627132983,IN
974,khorramshahr,31,48,119.73,6.0,0.0,19.1,99369,1627132983,IQ
975,kuala selangor,3,101,86.25,66.0,100.0,6.04,1769612,1627132984,MY
977,bogorodskoye,52,140,75.69,79.0,52.0,6.53,2126638,1627132984,RU
978,woodward,37,-99,75.13,87.0,0.0,5.77,4529308,1627132984,US
979,onguday,51,87,57.79,86.0,100.0,1.34,1506272,1627132985,RU
980,coolum beach,-26,154,68.43,54.0,0.0,18.61,6955345,1627132985,AU
981,burns lake,54,-125,49.39,90.0,100.0,3.91,5909050,1627132985,CA
982,bafq,32,56,98.6,8.0,0.0,18.32,111821,1627132985,IR
983,aktau,44,51,80.22,69.0,20.0,20.13,608398,1627132986,KZ
984,siddipet,18,79,80.58,75.0,100.0,9.08,1256377,1627132986,IN
985,lafia,9,9,74.01,84.0,98.0,6.8,2332662,1627132986,NG
986,mount darwin,-16,32,73.06,39.0,95.0,12.1,1085582,1627132986,MZ
